timestamp,summary,files,notes
2026-07-15T14:18:00+08:00,"验证完整简历生成流程并修复测试数据泄漏",7,"清除经历弹窗示例事实与 test 默认联系方式；规范摘要句末标点；补充页面与数据库测试"
2026-07-15T14:45:00+08:00,"AI 全量素材筛选、润色并自动插入简历",5,"新增安全编排 API；自动保存素材选择和简历版本；补充服务与页面测试"
2026-07-15T15:05:00+08:00,"工作区响应式界面优化",2,"新增三栏、笔记本两段式与移动单列规则；优化长文本、弹窗和顶部操作"
2026-07-17T10:00:00+08:00,"创建 FastOnboarding 项目导航 Skill",4,"用户级 Skill 包含功能地图与数据/API 契约；供后续独立会话定位模块和遵守规范"
2026-07-17T10:30:00+08:00,"设计工程风格工作区 UI",5,"石墨色工作区、低对比深色编辑文档、字段焦点反馈、路径式项目导航、显式层级与减少动态效果支持；保留三栏契约"
2026-07-17T20:35:00+08:00,"工作区跟随系统深浅色",3,"通过 prefers-color-scheme 自动切换工作区语义颜色；浅色模式同步覆盖纸张、卡片、弹窗、输入与 AI 面板，保留同一绿色信号色与层级"
2026-07-17T20:45:00+08:00,"简历页头透明输入",2,"姓名与目标岗位输入框取消填充底色和阴影，仅保留浅色文字与焦点下划线；正文编辑区不受影响"
2026-07-17T20:55:00+08:00,"AI 对话操作栏",4,"移除侧栏的技能/建议结果分区；输入框下新增发送/停止及悬停或点击打开的加号选项菜单；流式对话支持中止"
2026-07-17T21:15:00+08:00,"公网多用户安全加固",7,"HttpOnly Cookie 会话与资源归属校验；生产禁用测试账号；密码、限流、请求大小与安全响应头；更新 nginx 和安全测试"
2026-07-17T21:25:00+08:00,"工作区可视区三栏适配",2,"桌面编辑态按实际页头与剩余视口高度布局；三栏独立滚动并保持稳定边距；修复亮色顶栏被深色规则覆盖"
2026-07-19T00:00:00+08:00,"简化项目封面视觉",3,"移除首页 3D 背景图片，以低对比纯色与单层光感替代；同步收敛标题、按钮和信息条的阴影与玻璃效果"
2026-07-19T15:25:00+08:00,"亮色简历库层级修复",2,"将亮色工作区规则放在最终覆盖层，修复后置深色样式导致的深色卡片、低对比文字、深色顶栏与加载遮罩闪变"
2026-07-19T15:35:00+08:00,"亮色编辑阶段栏修复",2,"将中间简历编辑器的深色阶段栏、低对比副标题与状态徽标纳入最终亮色覆盖层"
2026-07-19T15:45:00+08:00,"深色简历页头输入修复",2,"深色模式下姓名和岗位输入保持透明且以高对比文字显示；焦点态仅保留细下划线"
